Category,Commodity,Unit,Series,Series Code,1960,1961,1962,1963,1964,1965,1966,1967,1968,1969,1970,1971,1972,1973,1974,1975,1976,1977,1978,1979,1980,1981,1982,1983,1984,1985,1986,1987,1988,1989,1990,1991,1992,1993,1994,1995,1996,1997,1998,1999,2000,2001,2002,2003,2004,2005,2006,2007,2008,2009,2010,2011,2012,2013,2014,2015,2016
Metal,Aluminum,Metric Ton,"Aluminum, $/mt, real 2010$",KALUMINUM,2671.884145,2620.89399,2505.419984,2555.936476,2658.066479,2703.547749,2607.416807,2584.69872,2669.498005,2696.316539,2645.62074,2572.018649,2215.71321,1939.693891,2031.935861,2077.458066,2103.063517,2500.596867,2492.43455,2703.044274,2721.242458,1933.771378,1565.122223,2332.321559,2074.594832,1743.619846,1675.052551,2080.760593,3183.566926,2450.307457,1983.063103,1589.738142,1503.159222,1319.525869,1763.745395,1964.378563,1669.827933,1861.371434,1652.006578,1688.877725,1947.144394,1885.208964,1783.64813,1797.701894,2017.664601,2164.440701,2857.787865,2764.525893,2501.888053,1725.88961,2173.117,2163.829479,1836.152606,1683.041587,1728.704165,1705.229226,1711.037009
Agricultural,Bananas,Kilograms,"Bananas, EU, $/kg, real 2010$",KBANANA_EU,,,,,,,,,,,,,,,,,,,,,,,,,,,,,,,,,,,,,,1.126622819,1.223008552,1.055250262,0.895460448,1.014973477,1.003430212,0.992740095,1.049081201,1.336968999,0.997513727,1.086672323,1.154979465,1.186893844,1.002241229,1.013472163,0.998014854,0.931424761,0.965125883,0.925400669,0.965575932
Agricultural,Bananas,Kilograms,"Bananas, US, $/kg, real 2010$",KBANANA_US,0.746327332,0.691368249,0.660938186,0.738314641,0.861157894,0.797894166,0.742409445,0.759069929,0.738990057,0.730877819,0.715426004,0.574108879,0.511026733,0.469729055,0.488831368,0.520698219,0.611077469,0.598461474,0.540373011,0.549113304,0.578413794,0.614520867,0.590755112,0.695283471,0.612564954,0.633415944,0.556039633,0.522485048,0.596822516,0.686638371,0.654209003,0.683002242,0.566952902,0.513221084,0.525249356,0.484227939,0.520784456,0.601769681,0.595715542,0.46385953,0.532931519,0.761650709,0.698409379,0.470731766,0.616966944,0.687357742,0.753111253,0.708177369,0.820947674,0.878210799,0.868320601,0.872235797,0.892976637,0.842195249,0.858870967,0.980222734,1.067837201
Agricultural,Barley,Metric Ton,"Barley, $/mt, real 2010$",KBARLEY,105.2811536,106.3175121,114.2013013,122.8658428,127.0619964,121.8542043,125.0857476,125.6159601,121.4754241,117.1519402,113.5434504,116.2537738,112.8930887,165.2146617,172.5111641,141.0875645,131.8510148,104.6874525,103.3905426,110.031286,119.9378844,122.0937966,100.5659559,114.944652,130.5168685,98.54083188,69.27826296,73.11113075,87.79249219,94.3545663,96.67681351,95.57396334,94.28575559,82.6859462,86.76508785,113.1536027,132.7133885,113.1703,103.5078141,94.22636241,97.0770839,122.6697526,143.9791969,131.5538371,116.421402,108.4064331,129.6787291,180.6368364,194.989706,133.0285941,158.3866651,186.6999625,218.0574234,184.2683011,127.8887026,199.0233808,169.0995398
Fossil Fuel,Coal,Metric Ton,"Coal, Australia, $/mt, real 2010$",KCOAL_AUS,,,,,,,,,,,33.59953534,35.5524262,36.04597089,37.16822208,44.8725477,64.20615714,64.18381202,62.69584823,54.66497542,52.09226581,61.54270644,82.11478135,86.4468666,61.91842713,51.3263927,56.54439914,45.33822403,36.55445767,43.5321777,47.71882907,47.98056848,48.4258777,46.21410168,36.29794491,38.57641612,42.83251833,42.22551694,40.8499723,35.57320499,32.12708865,32.99412116,42.19615748,33.44137918,32.7697693,62.27256424,54.29709809,54.58877147,68.88119214,123.6014207,74.47915886,98.96604167,109.4340564,87.45158185,77.06938811,64.92059798,58.91155902,70.24848192
Fossil Fuel,Coal,Metric Ton,"Coal, Colombian, $/mt, real 2010$",KCOAL_COL,,,,,,,,,,,,,,,,,,,,,,,,,,,,,,,,,,,,,,,,,,47.56793782,37.67918659,42.44749452,71.65939067,58.25468201,58.04392123,66.81007798,119.0090637,61.59327003,77.97229167,100.4687356,76.2184811,65.50947213,61.03489699,53.78566981,61.41121057
Fossil Fuel,Coal,Metric Ton,"Coal, South African, $/mt, real 2010$",KCOAL_SAFRICA,,,,,,,,,,,,,,,,,,,,,,,,,54.49716178,58.5004165,44.23845345,35.2185584,35.08059004,38.92851846,39.76540812,38.45584406,34.55446609,31.22974781,34.112659,38.32588394,37.17202208,36.4855554,32.6626055,30.11901635,33.39633521,44.22244363,34.38583629,37.97561879,64.31482992,52.67350843,56.37310588,65.65128447,117.2748756,67.05569126,91.62270833,104.7920184,84.32596126,73.12887948,66.96489173,58.43061319,68.39467111
Agricultural,Cocoa,Kilograms,"Cocoa, $/kg, real 2010$",KCOCOA,3.076971582,2.452237993,2.303734361,2.830319996,2.555763678,1.828495298,2.498808186,2.862174158,3.479971359,4.113397623,2.907652097,2.20359508,2.41808388,3.661782158,4.147190465,2.980658413,4.834463676,8.285694548,6.402001442,5.552966955,3.991594346,3.184666049,2.739555803,3.43721924,3.972358843,3.777082093,3.014706637,2.650818499,1.977952367,1.558438356,1.532152607,1.458951648,1.317743552,1.293896238,1.667225728,1.558338147,1.614271836,1.883953897,2.040117272,1.408731993,1.138506666,1.395634508,2.349091381,2.199097984,1.822792161,1.753755713,1.770232737,2.045766526,2.506095961,2.994699566,3.133003854,2.68527261,2.170648484,2.222748334,2.834770454,3.211409463,3.083316746
Agricultural,Coconut oil,Metric Ton,"Coconut oil, $/mt, real 2010$",KCOCONUT_OIL,1631.602033,1298.562651,1263.708714,1467.23488,1498.235337,1752.539144,1562.660248,1561.726064,1927.408362,1655.347955,1710.919929,1497.161272,878.8458277,1660.914453,2650.331895,941.3235035,988.9884142,1263.965207,1285.247499,1660.240715,1033.1008,872.7822169,733.0509085,1183.44254,1914.205036,988.759098,431.8966562,587.8621419,705.0444455,649.017934,407.028436,528.6152532,692.1878742,521.5898839,725.5471454,728.4411057,833.5309095,764.4518665,800.6683965,914.5931737,566.0324785,415.3777772,556.2689966,586.969669,777.1145573,703.4763387,674.8978883,962.8814305,1190.268918,751.9792123,1123.583333,1558.934831,1008.093937,857.2412778,1184.822513,1136.525266,1572.89495
Agricultural,Coffee,Kilograms,"Coffee, Arabica, $/kg, real 2010$",KCOFFEE_ARABIC,4.824370344,4.588952164,4.188230653,4.128797244,5.102810074,5.007099769,4.483300211,4.13550549,4.18533073,4.017212407,4.939203489,4.062622435,4.166282179,4.446750402,3.856364638,3.449825051,7.436101876,11.29997283,6.75347121,6.452313195,5.314400323,4.392957032,4.873506064,4.72040686,5.286535552,5.412834771,6.252790516,3.329756626,3.786779362,2.997883113,2.385561609,2.287074851,1.692070286,1.807405967,3.95037032,3.625243322,2.987966634,4.850836011,3.628189033,2.842218493,2.412865317,1.793121767,1.792492058,1.777720957,2.086400253,2.887168276,2.804638592,2.854140132,2.996676518,3.287449265,4.320099865,5.384947547,3.730740481,2.803436261,4.095182148,3.611957428,3.851611258
Agricultural,Coffee,Kilograms,"Coffee, Robusta, $/kg, real 2010$",KCOFFEE_ROBUS,3.63555968,3.430336092,3.431727148,3.194988244,3.977444988,3.394897608,3.568088099,3.536911916,3.602675609,3.343675067,3.935259747,3.815649431,3.740067516,3.560960118,3.43664027,3.219524136,6.648548858,10.78400704,6.116217016,6.158559923,4.972401285,3.430714318,3.82557079,4.429170683,5.034739184,4.437492752,4.726476473,2.988614919,2.59530834,2.079054967,1.429407663,1.308627957,1.127024871,1.34075534,3.128730476,3.014259378,2.002849362,2.020521351,2.218039075,1.847292087,1.14759838,0.792895998,0.874416985,1.023006305,0.932700428,1.270757071,1.656150723,2.000616431,2.256953794,1.704463584,1.73593616,2.169420963,2.057172867,1.891919697,2.051791837,1.988413353,2.083226804
Metal,Copper,Metric Ton,"Copper, $/mt, real 2010$",KCOPPER,3545.761145,3244.062298,3245.299218,3309.993923,4900.644952,6471.134832,7393.183181,5430.239125,5995.365587,6723.449717,6098.315665,4429.376294,3971.346069,5780.36542,5468.924775,2953.746368,3310.216299,2861.13773,2567.51644,3347.899152,3345.516665,2667.658399,2336.778989,2581.197829,2283.478744,2374.669302,2001.118746,2369.397914,3247.496296,3576.915524,3219.313698,2855.233495,2733.786571,2216.194195,2755.786305,3193.651713,2545.072356,2649.802377,2012.948297,1951.648771,2279.383672,2061.050772,2060.543905,2234.602113,3370.595366,4194.635171,7475.171698,7459.129515,6764.189183,5338.612943,7534.779583,7954.859009,7225.920899,6682.426702,6353.570082,5644.680692,5192.150585
Agricultural,Copra,Metric Ton,"Copra, $/mt, real 2010$",KCOPRA,1053.489039,843.3611431,825.4097951,941.2849797,982.3786385,1134.282743,893.0877875,971.844787,1120.521331,925.2949078,968.5460929,772.480222,528.918301,1143.284366,1758.586317,605.221973,650.2667749,879.5652951,884.9450667,1134.371343,694.1106073,580.2170418,495.891248,804.2301762,1177.260275,646.7003872,287.6883292,410.960721,496.3812473,436.8993671,279.0130537,349.6633228,455.8992419,342.2239752,498.4279978,477.0450651,542.2248416,504.8175545,500.2783027,572.6418311,383.0460351,263.8960204,351.797198,376.7208597,529.2494148,471.7080241,447.6126357,636.1793807,793.2019705,497.280756,749.5916667,1042.82911,672.0878334,571.4435522,790.7945362,753.1592625,1047.433732
Agricultural,Cotton,Kilograms,"Cotton, A Index, $/kg, real 2010$",KCOTTON_A_INDX,3.419268454,3.444415014,3.266334481,3.308153474,3.286583478,3.193036558,3.006486712,3.237422281,3.304415964,2.872917622,2.913180226,3.207910161,3.105178911,4.502195158,3.875515395,2.925339211,4.129666656,3.560253683,3.022451884,2.879240208,3.161153018,2.865377582,2.521179504,3.005958915,2.959135785,2.208638192,1.538622734,2.191184964,1.74677934,2.102422542,2.200423142,2.04781439,1.531941295,1.483118583,2.105310896,2.314946851,1.966685636,2.033915262,1.758184639,1.453101912,1.636696947,1.381716033,1.3467061,1.757280942,1.6062381,1.387579305,1.408438054,1.461973381,1.530532389,1.432708854,2.283380479,2.999233697,1.785180649,1.816129917,1.695883514,1.590233852,1.745104893
Fossil Fuel,Crude oil,Barrel,"Crude oil, avg, spot, $/bbl, real 2010$",KCRUDE_PETRO,8.514978123,8.045024778,7.646137774,7.686329405,7.327569739,7.107594015,6.565224675,6.364463393,6.372129832,5.819224679,5.212235611,6.922073764,6.833715314,9.089702394,29.15785585,24.956436,27.48371654,27.46910849,24.29875737,52.21804152,56.52604756,54.34246527,51.53147498,48.08806431,47.34600675,45.54267407,20.90292417,24.12040351,18.37158451,22.4013392,27.67450646,23.64830939,22.7949621,19.51014539,18.97370477,18.69378419,22.64645904,22.31211275,15.89910408,22.42347394,35.48246795,31.8004934,32.93713439,36.29696071,44.37860746,60.87616006,71.49005651,74.52244763,94.31758367,64.02194964,79.04077178,93.72026737,95.29743755,94.85552612,89.08646437,51.98901691,45.66337318
Fossil Fuel,Crude oil,Barrel,"Crude oil, Brendt, $/bbl, real 2010$",KCRUDE_BRENT,,,,,,,,,,,,,,,,,,,,54.15386492,58.09435301,56.16613228,52.74862219,48.36596023,47.75081505,45.78700172,21.51593095,24.38071555,18.68711045,22.87573692,28.64722177,24.49779696,23.14450149,19.71770013,18.90602685,18.5659557,22.90153669,22.21803409,15.47571834,22.09706741,35.5367624,31.8915738,32.99227152,36.23728498,45.04580513,62.06550372,72.71675421,76.17770934,94.94581074,64.13109579,79.63562998,99.96519271,101.610023,99.21096229,91.58821706,53.64563152,46.98152599
Fossil Fuel,Crude oil,Barrel,"Crude oil, Dubai, $/bbl, real 2010$",KCRUDE_DUBAI,8.514978123,8.045024778,7.646137774,7.686329405,7.327569739,7.107594015,6.565224675,6.364463393,6.372129832,5.819224679,5.212235611,6.922073764,6.833715314,9.089702394,29.15785585,24.956436,27.48371654,27.46910849,24.29875737,50.28221813,54.95774212,52.51879826,50.12579249,46.58238462,45.58170521,44.32801661,19.22170756,22.51422279,16.49749912,19.72064329,24.75132057,20.21983864,20.59785731,17.30909979,17.5166389,17.53154213,20.56147652,21.06219101,14.75897054,21.2988018,32.78562021,29.66276663,31.34212429,33.58304775,39.34777232,56.20493577,68.31250807,71.64336,91.19281629,64.01987374,78.06115482,95.54453043,98.83203209,96.09124303,89.4752659,52.4257918,43.94435259
Fossil Fuel,Crude oil,Barrel,"Crude oil, WTI, $/bbl, real 2010$",KCRUDE_WTI,,,,,,,,,,,,,,,,,,,,,,,51.72001027,49.31584809,48.70550001,46.51300389,21.971134,25.46627217,19.93014396,24.60763741,29.62497705,26.22729259,24.64252748,21.50363624,20.49844857,19.98385475,24.47636391,23.65611315,17.46262336,23.87455262,38.12502123,33.84713976,34.47700738,39.07054941,48.74224494,64.3580407,73.44090724,75.74627357,96.81412397,63.91487939,79.42553055,85.65107898,85.45025758,89.26437304,86.19591016,49.8956274,46.06424096
Agricultural,DAP,Metric Ton,"DAP, $/mt, real 2010$",KDAP,5.20E-10,5.10E-10,5.00E-10,5.10E-10,5.10E-10,5.00E-10,4.80E-10,327.7937913,292.0559506,265.7598672,232.6121678,252.921926,341.6857657,384.4709383,883.6911907,580.1040651,283.3839761,293.127705,263.0536443,326.0333891,340.6830674,298.6270489,288.5245232,297.4651769,313.4847511,283.0710352,224.627533,230.9023243,245.2780765,216.9846318,207.3204076,211.0747684,173.9597657,149.5620136,206.3619305,235.6033286,236.4006041,232.6777334,247.5591635,220.5901537,193.8315586,192.9259467,208.1318108,225.3106101,260.2077616,281.6613317,289.4110724,453.2611626,940.543805,334.8995414,500.6791667,557.6565421,489.8463054,405.4845421,437.3959331,470.0523041,368.3361592
Agricultural,Fishmeal,Metric Ton,"Fishmeal, $/mt, real 2010$",KFISH_MEAL,,,,,,,,,,,,,,,,,,,,665.9091441,773.3690888,715.9136833,557.0555531,733.8330119,618.6799099,469.248705,466.9776381,509.6577567,679.5596581,512.872766,498.5543943,583.3487032,577.03961,422.5428321,449.46103,538.511533,649.8934866,705.5807319,805.5362981,487.0247426,519.1075062,635.5269109,800.6001335,767.0483629,762.8052213,833.4347736,1296.990104,1233.630433,1101.857739,1275.371257,1687.5,1385.327715,1414.205298,1592.355863,1581.916931,1595.693766,1601.315676
Metal,Gold,Troy Ounce,"Gold, $/toz, real 2010$",KGOLD,184.2473971,180.628741,177.2193643,179.8088659,177.3777227,175.7878182,169.5855462,167.2466132,187.9054195,188.2465726,154.8234999,167.129853,218.375378,315.1069849,423.0745328,385.2110275,294.9615605,322.9414707,363.5203839,517.1578156,931.9588773,704.077077,593.1701157,685.1035814,597.642306,532.6189206,535.6016225,593.4749127,545.5388017,478.9861186,463.8390419,442.1598013,411.9371726,416.7737757,458.6313885,417.9329987,429.9675714,385.3440666,357.9864969,345.9033778,350.7201759,353.878578,409.5668123,456.5667373,481.2777578,507.2071291,672.0356633,730.0873252,847.6846772,1008.650896,1224.66425,1413.976644,1515.10635,1286.39718,1171.567775,1188.934839,1332.183181
Agricultural,Groundnut oil,Metric Ton,"Groundnut oil, $/mt, real 2010$",KGRNUT_OIL,1708.219418,1692.273524,1380.027261,1375.870044,1593.75063,1621.319778,1430.374189,1354.019648,1306.934288,1519.069655,1630.636424,1804.715699,1599.292768,1768.301908,2861.023429,2051.295818,1684.549362,1864.248481,2030.121987,1498.629337,1316.609417,1596.889001,923.252167,1152.702895,1685.550447,1516.087976,829.4406554,664.2941898,736.8744249,972.8990217,1165.645575,1092.430829,730.936813,856.1874292,1221.486984,1078.02031,995.0800868,1175.967886,1106.737709,977.3583582,897.0211225,888.322975,907.8459773,1561.414679,1365.46349,1209.105153,1078.917657,1416.836821,2072.387358,1227.079411,1403.875,1791.48727,2210.395318,1615.938163,1215.467634,1369.481361,1602.404507
Metal,Iron ore,Dry Metric Ton,"Iron ore, $/dmt, real 2010$",KIRON_ORE_SPOT,,,,,,,,,,,,,,,,,,,,,,,,,,,,,,,,,,,,,,,,,,,,,,,77.10029769,128.877573,151.6944575,82.91252214,145.8631854,151.1590849,116.6115204,123.3672702,89.75063192,57.21466572,62.3158296
Metal,Iron ore,Dry Metric Ton Unit,"Iron ore, $/dmtu, real 2010$",KIRON_ORE,59.6570818,56.46890003,55.38419533,56.46890003,51.74780285,53.36535084,45.95657273,42.39785388,42.33604441,45.08753609,42.38710612,42.3106639,38.78696659,33.44492457,35.54734685,41.38474361,53.69131845,50.41286422,40.35161385,39.62992057,43.0667348,43.01760925,51.29909462,47.0215224,43.35456805,44.49834789,38.25162291,33.63010105,30.33209801,34.9477635,39.31181031,42.43571871,39.66772812,33.69916651,31.61355216,30.87466123,33.27099761,35.08991186,37.7262373,34.23442713,36.18669517,39.21549274,38.72742112,40.12913179,44.57456182,74.11265159,77.10029769,128.877573,151.6944575,82.91252214,145.8631854,151.1590849,116.6115204,123.3672702,89.75063192,57.21466572,62.3158296
Metal,Lead,Metric Ton,"Lead, $/mt, real 2010$",KLEAD,1038.775019,906.8587643,781.1301057,895.7562885,1404.282417,1587.571219,1258.254273,1089.495641,1160.942518,1328.302946,1304.817853,1038.823052,1132.663281,1391.164247,1573.483737,984.8014061,1054.960361,1351.047272,1245.19374,2037.56815,1388.668389,1112.921754,861.1934161,689.6625071,733.8085318,654.8399884,591.5090545,793.3535796,819.1226756,845.7220634,980.4264692,680.7498278,648.7850679,470.7437999,654.2066524,686.4118218,858.7521741,726.4426446,643.3439021,623.6605165,570.5678609,621.8043179,598.1323126,646.8758478,1042.674272,1113.24975,1434.201297,2703.545149,2033.04876,1782.323169,2148.44925,2163.311736,1873.682807,1950.190163,1939.803337,1831.36697,1990.992045
Agricultural,Logs,Cubic Meter,"Logs, Cameroon, $/cubicmeter, real 2010$",KLOGS_CMR,,,,,,,,,,,185.1851313,181.9809097,197.0513075,432.1291464,319.9526891,302.7784392,336.3722502,347.0967239,359.8363787,356.7114446,385.8860185,325.8710243,277.674107,260.6748892,291.2009452,291.322329,322.8579239,344.1646498,338.6709808,343.7785837,415.4492273,385.8352153,397.0108417,359.488668,394.4348975,369.3518244,315.3203347,331.4095725,348.5447961,334.1217219,346.1868884,347.4318975,311.8617884,351.0330312,389.6495901,381.2453116,354.1554647,399.5836265,512.3666546,436.9302149,428.5608021,436.8501301,409.6389358,422.4570528,430.6116618,398.0437739,413.2115739
Agricultural,Logs,Cubic Meter,"Logs, Malaysia, $/cubicmeter, real 2010$",KLOGS_MYS,166.8517682,169.4067001,183.0545747,181.8372028,152.8935327,175.3123101,177.7679402,188.2022869,193.3281663,178.196573,185.7953793,177.2091843,154.3812637,220.2546319,216.9592552,161.4961873,217.4533845,202.3656027,183.1499241,286.7547976,299.7551042,236.701498,231.1681893,223.2806182,259.8952997,203.9521573,201.8576693,268.2067022,250.7214191,239.33295,214.3310138,233.7677858,251.0791422,451.5705689,367.3109793,278.0895315,279.5882074,277.2888632,197.668243,232.1712091,238.7475556,207.7030356,215.9087861,235.07726,231.9942088,231.5966489,266.250844,280.8146884,284.2418402,297.736385,278.1719868,351.8807789,327.167217,278.3706447,261.0905716,252.0083012,292.6532646
Agricultural,Maize,Metric Ton,"Maize, $/mt, real 2010$",KMAIZE,232.4641103,230.3678326,244.7434802,275.5335583,276.0809293,278.6602308,281.419643,258.8972787,231.5368085,239.5809929,251.5657518,239.2006555,209.3388533,316.7123197,348.6345451,286.1886591,265.5538266,208.4504165,189.5161985,194.8147872,192.0486603,200.2804837,172.46361,220.5417496,225.3815819,188.0345599,127.5418259,100.6200217,133.4248244,140.0474381,132.1794102,131.1405323,124.9303739,118.2656552,128.4487168,134.342309,183.8878796,136.276493,124.1152641,111.9433092,111.2802675,117.0599217,131.1669521,132.3445903,131.4931693,112.5050474,135.5011982,171.5030956,216.9681577,171.5799465,185.9142083,262.829225,270.8168032,236.4055808,178.553602,173.8850089,169.7626734
Agricultural,Meat,Kilograms,"Meat, beef, $/kg, real 2010$",KBEEF,3.847585754,3.494461559,3.592301407,3.414481031,4.249400874,4.412798129,4.935262828,4.982146607,5.238703329,5.603256603,5.618409481,5.512503349,5.558088456,6.510509457,4.203580035,3.174644415,3.736178454,3.293378123,4.022510354,4.863546869,4.231497063,3.789283728,3.771864584,3.956117954,3.768697375,3.609026554,3.047529812,3.171520133,3.141899819,3.22611725,3.100472079,3.251482309,2.941613709,3.032278187,2.786160754,2.074656477,1.979892374,2.159435892,2.100083735,2.287279132,2.428503483,2.780647881,2.781080722,2.486540945,2.95504946,2.983830358,2.83260714,2.727627647,3.051511819,2.733193299,3.351451076,3.64223003,3.759182075,3.712513655,4.580687677,4.531288242,4.190206729
Agricultural,Meat,Kilograms,"Meat, chicken, $/kg, real 2010$",KCHICKEN,1.567854102,1.600188511,1.607509302,1.680892565,1.706219448,1.753072438,1.755353594,1.780872165,1.853226247,1.835976825,1.809085284,1.802471641,1.774602473,1.712967914,1.484865029,1.38897269,1.442232627,1.424904342,1.307538966,1.248861153,1.160795877,1.185243441,1.199271085,1.251690331,1.448691046,1.403967163,1.348155358,1.20741392,1.251854378,1.380751669,1.308903034,1.289291952,1.26726525,1.396383126,1.455661556,1.330718203,1.523518313,1.564881308,1.694450988,1.640374258,1.647376472,1.831836189,1.837576376,1.833448399,1.963141868,1.857802795,1.697104718,1.806135079,1.814042884,1.957025715,1.892291301,1.735767631,1.886737159,2.086383452,2.247305865,2.589559387,2.622054835
Agricultural,Meat,Kilograms,"Meat, sheep, $/kg, real 2010$",KLAMB,,,,,,,,,,,,3.263443761,4.01048974,4.503733042,3.782130549,3.534667762,3.700927771,3.717839428,4.127606399,3.998349816,4.414634175,4.194038236,3.751805323,3.131038867,3.185013361,3.090577241,3.136579668,2.87445424,3.009222895,2.914647243,3.213428014,2.845946104,3.177502867,3.367879719,3.553319869,2.851309777,3.653793231,3.949389947,3.347047434,3.238549095,3.29121072,3.802453272,4.364817754,4.878018238,5.408803235,5.06072484,4.488022229,4.31690342,4.458712482,4.433343256,5.314317141,5.974782174,5.527775432,4.714825638,5.914955827,5.347563952,5.006913495
Fossil Fuel,Natural gas LNG,One Million British Thermal Units,"Natural gas LNG, $/mmbtu, real 2010$",KNGAS_JP,,,,,,,,,,,,,,,,,,6.058207183,5.711457424,6.226826675,8.733282724,9.234990086,9.552084617,8.992162049,8.68364772,8.76228763,5.972264049,4.45299757,4.169103183,4.118888404,4.402922755,4.871073581,4.308457659,4.062201965,3.797925798,3.752355615,4.067379457,4.548692278,3.674251552,3.893095872,5.923230322,6.051652657,5.657383422,5.941916567,6.030503054,6.829765893,7.867566435,8.051300765,12.18145586,9.263568376,10.84833333,13.20600495,15.02233906,14.5420384,14.84456782,10.46893936,7.348057501
Fossil Fuel,Natural gas,One Million British Thermal Units,"Natural gas, Europe, $/mmbtu, real 2010$",KNGAS_EUR,2.114503976,2.074150847,2.03615641,2.005369173,1.941299632,2.056027261,2.051288351,2.185199631,2.181015319,2.070268991,1.926450941,2.057140152,2.035718684,2.245332051,4.596181618,4.023873525,4.100375032,3.916774814,4.330919149,5.496735035,6.469975823,7.044535513,7.024029879,6.566798818,6.233773455,6.115172055,5.316771653,3.442765286,2.945833387,2.624535599,3.411055541,3.80183834,3.065959852,3.094979026,2.918112799,2.967252942,3.154275412,3.186994206,2.940009729,2.64399632,4.849612094,5.298596797,4.032179465,4.906764993,5.030809715,7.213631421,9.419765938,8.964712978,13.03720476,9.029452268,8.2875,9.474803574,10.41218104,10.74152865,9.305007995,7.437693136,4.861855089
Fossil Fuel,Natural gas,One Million British Thermal Units,"Natural gas, US, $/mmbtu, real 2010$",KNGAS_US,0.731347763,0.768632941,0.804856608,0.819875137,0.758024456,0.800855664,0.772379374,0.765649731,0.772379374,0.778951335,0.732297565,0.737262294,0.713409841,0.679906501,0.77045819,1.028638136,1.372610364,1.727066901,1.704048339,1.989927927,2.436462065,3.037317848,3.890839023,4.203561959,4.401773544,4.206624064,2.818617301,2.209883123,2.099114327,2.13060386,2.054294087,1.814953063,2.123202165,2.456868877,2.293087274,1.873911345,3.032281754,2.888371103,2.539726239,2.812542038,5.415225599,5.165832613,4.432975021,6.897918505,6.933011068,10.16560237,7.472289994,7.316327754,8.613114972,4.095174518,4.38525377,3.603019151,2.497509244,3.398382509,4.044916753,2.677373194,2.658224464
Metal,Nickel,Metric Ton,"Nickel, $/mt, real 2010$",KNICKEL,8520.201437,8767.539742,8858.45304,8924.682476,8801.506181,8684.278603,8394.798316,9262.926158,10014.38132,10829.25638,12260.38429,12009.59319,11564.37351,10920.91724,10162.74204,10935.46,11752.26236,11189.13449,8670.893992,10094.66828,9994.234514,9116.675424,7635.659776,7576.626547,7878.773979,8207.803479,5653.609773,6476.40865,17198.57002,16711.856,10721.96362,9956.543579,8390.418583,6132.135232,7571.750293,8951.300981,8318.655112,8062.399944,5634.015996,7458.895607,10856.93762,7763.083099,8947.541666,12094.59156,16257.64906,16810.9834,26971.47366,39012.80324,20528.87612,15192.10994,21808.85242,20643.94952,15924.59845,13699.8783,15638.5008,12151.58576,10234.31885
Agricultural,Oranges,Kilograms,"Oranges, $/kg, real 2010$",KORANGE,0.679021572,0.681563909,0.54332013,0.481719345,0.424493695,0.480513398,0.405619855,0.760904298,0.81103857,0.779104071,0.723861784,0.626707083,0.581929659,0.527736951,0.488776019,0.545437365,0.510445633,0.555284801,0.564640415,0.671952004,0.613536155,0.621339518,0.607012979,0.60511835,0.584239417,0.66748918,0.573527927,0.606118324,0.565957838,0.559347348,0.642368084,0.635987429,0.586316386,0.501020727,0.491270062,0.578183696,0.545275607,0.534161954,0.53839093,0.543763642,0.456528656,0.777646346,0.745918507,0.855049445,1.008541467,0.997298567,0.922073017,1.002497861,1.076791735,0.942379852,1.033203256,0.802948378,0.787681798,0.881608727,0.725346424,0.692128532,0.948941799
Agricultural,Palm oil,Metric Ton,"Palm oil, $/mt, real 2010$",KPALM_OIL,1172.333051,1170.457161,1087.742746,1139.592278,1210.07234,1364.065751,1137.521722,1069.281691,815.009083,829.8771877,1120.181945,1068.791399,815.7591207,1222.336987,1777.509036,1038.61154,960.7110653,1158.71979,1129.343536,1102.611194,894.8983345,873.9307824,702.534524,813.0264438,1208.346246,838.6721127,374.3589904,455.3799257,545.6865095,440.0387637,350.4799088,413.8581313,471.5785806,437.6026177,631.0966322,683.4744861,588.8042382,635.2651263,816.6919059,541.0007332,389.9590891,373.0455909,515.6388977,556.7210537,554.3397574,481.2571542,531.9410863,817.6174519,922.4016853,707.8772664,900.8333333,1014.084817,906.9064136,780.9690572,760.4194168,637.8336177,746.8273393
Agricultural,Palmkernal oil,Metric Ton,"Palmkernal oil, $/mt, real 2010$",KPLMKRNL_OIL,,,,,,,,,,,,,,,,,,,,,,,,,,,,,,,,,,,,,807.3762086,758.6326439,835.6564391,861.2375969,557.4435327,402.3190051,549.4422591,576.1890207,762.2171664,714.8782851,646.2015035,931.0080598,1098.373156,725.6735462,1184.166667,1485.196861,1007.564555,817.6716219,1038.096222,931.056112,1375.749776
Fossil Fuel,Phosphate rock,Metric Ton,"Phosphate rock, $/mt, real 2010$",KPHOSROCK,67.91086369,66.61485485,57.84906869,58.92852544,63.16870465,70.07487057,62.7558241,57.42372986,55.51476747,51.54825011,47.3839601,46.0788934,43.18006929,44.51768759,144.8483537,160.6748716,84.68040982,67.04225945,54.55462945,55.65052676,71.61179796,75.8053278,66.88612722,59.85785754,63.41538156,56.82363074,49.85990768,41.20684319,44.9364415,51.27681194,48.98856362,51.88486897,50.03406795,38.22868666,39.41243753,38.07657304,43.25229689,47.71762475,52.32994206,54.59640427,54.99020193,54.54213831,53.35866108,47.72791888,48.19599995,47.88817487,49.16070664,74.32433428,336.0698519,126.1181748,123.0208333,166.6050121,168.6931387,134.9887291,102.0295438,120.3193903,119.6381444
Metal,Platinum,Troy Ounce,"Platinum, $/toz, real 2010$",KPLATINUM,436.1967014,427.8723369,420.0345422,414.7073627,447.1375702,490.7326501,481.3894674,527.5725426,565.8081192,569.0354053,570.7613375,503.9665637,477.3275051,492.7190682,491.4394134,406.3698748,377.2748575,346.1165952,490.3348147,746.7260757,1041.175493,685.2827157,518.1866237,686.3642446,593.2170453,490.0500631,677.4004081,738.6969114,661.9928381,639.9879828,570.4315035,458.8046707,431.0549803,433.2883753,484.0106097,461.6367452,440.4109679,459.6196531,453.0535724,467.728843,684.5567886,691.500073,712.8622426,868.7915167,994.2244284,1022.2168,1268.574196,1367.435716,1531.109002,1247.537358,1609.754167,1549.381934,1407.401231,1354.827165,1280.796319,1078.857322,1052.837003
Agricultural,Plywood,Cents/Sheet,"Plywood, cents/sheets, real 2010$",KPLYWOOD,,,,,,,,,,,,,,,,,,,,442.6746447,419.7562909,374.7297276,366.9016476,372.6185412,376.3143348,353.3033674,398.7105329,530.9125123,447.911262,439.9173737,429.2466648,454.6050484,456.3126971,766.2264481,717.9791612,635.8089628,587.2645304,564.416092,457.6476546,546.6454637,563.4013283,535.1582765,532.128772,542.4382856,546.6799285,579.9133858,662.2809993,671.4027598,627.6673425,585.3319291,569.0878315,547.4401118,553.8925391,510.5943475,478.8988084,462.2398825,536.7918836
Metal,Potassium Chloride,Metric Ton,"Potassium Chloride, $/mt, real 2010$",KPOTASH,148.8815089,153.7265881,150.910614,153.7265881,164.2386321,147.657763,132.7527048,122.025426,115.856906,100.8054669,135.6904312,133.1168032,125.7854192,137.6001253,160.733519,194.5641125,131.1561696,111.8585524,106.0523184,128.6567102,177.4005022,172.9867371,128.7738811,122.1478628,138.7815921,140.6629188,100.2053653,91.77384296,109.2725273,124.1631375,118.6914273,132.8913923,134.3110126,124.4401673,126.2651086,128.1077234,129.6801825,135.6208606,142.2481975,150.9404454,153.9725654,154.2023344,149.7202629,142.2810082,146.4930527,180.3526626,194.0558274,209.742061,554.4073754,653.5489389,331.865,392.2179215,416.5061481,345.5585388,275.0790096,310.3122012,261.9417619
Agricultural,Rice,Metric Ton,"Rice, Thailand, 25%, $/mt, real 2010$",KRICE_25,,,,,,,,,,,,,,,,,,,,,,,,,,,151.6676581,253.8873242,,,,292.3864969,273.6394135,234.4885856,274.59322,323.8321879,317.27593,299.2050251,316.2411983,268.3806198,217.2112976,199.8775664,231.1962737,228.2357454,265.124554,302.5839034,308.1679747,321.180243,,474.8669463,441.5083333,455.9777379,493.50219,431.0522866,353.7785331,381.65874,411.0005792
Agricultural,Rice,Metric Ton,"Rice, Thailand, 5%, $/mt, real 2010$",KRICE_05,560.7826635,609.5259218,678.7246783,643.9265161,607.1649553,594.5811056,700.9463499,906.2102614,882.9905363,771.4863847,544.0899115,456.8466287,486.0542597,937.5586889,1373.979345,816.7586148,554.591697,551.404366,650.2488561,527.9534557,629.7379252,702.9055401,430.09424,416.3877416,385.4646632,329.9330786,271.293736,285.2687722,346.348663,375.6759001,327.6236191,358.0412031,321.4414228,272.7124454,319.5890862,349.1712407,375.8236438,353.2384461,370.1532084,308.2421991,254.3951484,225.7056412,253.5230086,248.2061115,279.5220983,326.4044697,339.0297165,342.0653055,632.2695848,575.3482554,488.9069444,489.3100037,510.913805,461.0662377,391.4243953,395.4022106,422.5555263
Agricultural,Rice,Metric Ton,"Rice, Thailand, A1.Special, $/mt, real 2010$",KRICE_A1,,,,,,,,,,,,,,,,,,,,,,,,,,,151.8557383,204.5941918,274.2995283,274.4879137,188.8982885,218.73033,213.2190321,182.5516325,217.7238594,285.9777282,258.0766591,244.8518702,259.2411132,239.0040319,180.3346936,175.1253893,198.4360084,190.24181,241.2691267,248.3533958,244.1030639,285.3583584,468.9857805,338.3294528,383.6583333,413.195448,476.5077782,431.9907339,393.5674323,395.4363558,405.6693044
Agricultural,Rice,Metric Ton,"Rice, Vietnamese, 5%, $/mt, real 2010$",KRICE_05_VNM,,,,,,,,,,,,,,,,,,,,,,,,,,,,,,,,,,,,,,,,,,,,,266.1791815,,,,,,429.1863333,462.8278977,394.2592618,357.6325968,376.9608242,360.4058711,379.8164436
Agricultural,Rubber,Kilograms,"Rubber, Singapore, $/kg, real 2010$",KRUBBER1_MYSG,4.075870735,3.081235949,2.83527508,2.671682698,2.478782083,2.526991597,2.276387063,1.866869384,1.844618948,2.301113885,1.753924462,1.362092089,1.245744999,2.195153685,1.996815089,1.341794657,1.828466672,1.781028633,1.854151953,2.128379692,2.184064015,1.719530281,1.353783107,1.725487193,1.587705625,1.271132054,1.174848732,1.308848972,1.479095454,1.217960324,1.045915913,1.008112831,1.032539378,0.962996063,1.344561278,1.718930627,1.545724339,1.184231182,0.878139022,0.779828981,0.838595342,0.751042633,1.010665453,1.359881784,1.505861599,1.696609624,2.311618901,2.371439908,2.514986035,1.991129943,3.653864906,4.34602619,3.06490269,2.546933938,1.806523099,1.60959089,1.712105397
Agricultural,Sawnwood,Cubic Meter,"Sawnwood, Cameroon, $/cubicmeter, real 2010$",KSAWNWD_CMR,,,,,,,,,,,753.8357288,,,,,,,,,,607.135172,,,,,514.3446085,,,,,644.7136891,,,,,648.5337467,568.2765021,655.9146531,640.5264269,564.7887743,614.6970553,616.2875013,642.6086105,692.8455807,689.6720336,637.5243949,692.6414545,796.2286328,931.8701601,776.3860338,812.6936755,744.0639699,689.0928372,682.788304,730.8097612,750.4206089,692.8778561
Agricultural,Sawnwood,Cubic Meter,"Sawnwood, Malaysia, $/cubicmeter, real 2010$",KSAWNWD_MYS,779.2770479,778.7649615,805.1633024,808.8450588,731.9180566,784.5848446,777.6427449,798.5958125,813.5768287,760.2020301,755.5863698,719.7477272,641.8006663,723.7081781,655.7758977,534.5047395,622.8092346,579.2970406,512.2154949,617.100079,607.4438614,535.0882327,535.6943154,532.0494479,582.9862444,514.5663726,479.7365824,533.4246665,502.197723,609.3931979,644.8131811,674.5275407,727.7013994,878.3910302,980.5766983,804.9943437,822.1801954,773.4051175,589.1960811,745.5087518,747.4858617,628.5865845,696.0785168,692.0431128,683.6652308,751.8241463,833.2875316,844.9116397,864.5899786,835.0682502,848.2719567,846.5121807,795.2903915,777.2340739,831.2410037,853.5468644,788.0963216
Agricultural,Shrimp,Kilograms,"Shrimp, Mexico, $/kg, real 2010$",KSHRIMP_MEX,,,,,,,,,,,,,,,,17.22791537,22.61965344,20.86508127,18.3034969,22.61677178,17.66079174,16.30736463,21.92303376,23.04153775,20.34661241,20.0567633,19.0744257,16.79541746,16.67182339,15.7687509,12.93347421,13.84972737,13.40846409,14.71584621,16.57404866,16.41911964,14.98987829,18.75626589,19.21455072,18.12437246,19.01291993,19.6971772,13.89549383,14.36802421,12.02085757,11.78756999,11.38456782,10.57976655,10.3907864,9.797557359,10.04479992,10.75070735,9.133832646,12.61113541,15.96757425,14.70574243,11.95004417
Metal,Silver,Troy Ounce,"Silver, $/toz, real 2010$",KSILVER,4.773088935,4.737042111,5.451520171,6.554431997,6.534170809,6.471914832,6.241790813,7.41332377,10.35294094,8.204954061,7.628099637,6.330796231,6.325191774,8.280478755,12.50793707,10.56989078,10.29310074,10.13522288,10.19375198,18.71809683,31.89662307,16.11542146,12.51680809,18.52693923,13.50212949,10.24539835,7.922997279,9.318185421,8.151543301,6.915578051,5.84624075,4.945981088,4.728978421,4.991044654,6.311603291,5.657353762,5.768414662,5.709859942,6.755176891,6.471483446,6.225823073,5.714518689,6.079385907,6.124549123,7.830382304,8.332960499,12.85413939,14.03333864,14.58325776,15.1806068,20.15295833,31.73957075,28.25755369,21.73644235,17.65475224,16.10359158,18.28890359
Agricultural,Sorghum,Metric Ton,"Sorghum, $/mt, real 2010$",KSORGHUM,191.064603,212.2280952,224.8610068,245.1426658,243.7553975,239.914667,234.4935733,248.3456684,253.7588067,246.3242677,223.1353757,228.4284342,211.1630548,302.3695302,321.3142747,267.621342,248.6374377,193.183728,176.5281208,182.3116878,197.5655157,193.5281943,171.306092,208.7674523,195.946621,172.580487,120.0473629,96.72087956,122.9001273,133.031933,125.7242093,128.3224718,123.1377361,114.7169518,124.0526376,129.4295245,166.3873348,127.5825745,119.3092255,104.7123877,110.613053,124.36304,134.4316742,133.8072323,129.1083198,109.7043227,136.7113452,170.4852709,202.1032887,156.5942683,165.4038989,242.1620476,246.7796578,221.7264094,191.8064731,209.7222725,170.1957362
Agricultural,Soybean meal,Metric Ton,"Soybean meal, $/mt, real 2010$",KSOYBEAN_MEAL,423.1804525,496.5795814,447.7434077,466.3893876,449.8032896,485.6438798,516.7016869,473.2273627,465.4390288,433.7689787,441.8913249,418.8059422,487.4967243,976.6910854,489.7280221,370.7881653,472.6348455,502.4525858,401.2430289,409.832402,402.3292628,386.8113612,344.9337969,385.6305314,326.8862588,263.3153995,269.1160446,270.1706735,333.902725,310.9049149,242.1204317,240.603363,244.977183,241.1496446,229.8063592,214.2260526,296.6663953,320.9301226,207.2914759,188.8125648,237.7671588,236.3637758,231.4484226,264.9108831,283.6384826,244.4292259,232.621421,323.134852,412.7205608,422.6400484,378.3958333,358.6128302,475.6116107,496.9371561,488.6826347,404.3653436,405.0453373
Agricultural,Soybean oil,Metric Ton,"Soybean oil, $/mt, real 2010$",KSOYBEAN_OIL,1169.721095,1472.359099,1141.890312,1145.6901,1177.464655,1351.443932,1262.357539,1037.614897,859.674334,903.430813,1233.41884,1244.130122,903.3395656,1411.615403,2210.860772,1347.595698,1035.858036,1268.519708,1141.88483,1116.692464,916.2349451,776.200614,705.9544637,854.3053952,1200.332974,958.3228536,498.781158,444.3028173,578.4526647,541.8598617,541.0917891,554.0490125,514.0226502,556.5363095,735.201202,680.0294629,611.6318393,657.2811848,761.7251838,530.246896,424.9433319,462.2805338,600.2023556,695.7181508,724.4836433,621.3110625,665.6081673,923.6422548,1223.575054,879.8143825,1004.604167,1170.796777,1112.83588,963.0388413,841.7283078,775.3536871,862.79901
Agricultural,Soybeans,Metric Ton,"Soybeans, $/mt, real 2010$",KSOYBEANS,479.7293064,560.24801,505.7517709,564.1424169,558.4408278,584.9666666,606.6195189,548.994784,534.876739,489.1203441,503.6340607,514.3769804,525.6704088,939.9977186,735.6990133,526.0806281,546.2871089,612.4893377,504.7870885,502.1195255,454.1695608,441.6872719,386.0914551,456.5749289,467.671169,375.9853503,303.5900891,286.7863361,378.8391665,345.3336315,298.4673598,292.4882319,282.2280959,295.5000249,300.768652,282.038616,338.0703035,343.8190645,296.0292653,250.2335196,266.2573206,255.7342878,280.9973237,331.5834364,360.4776569,313.1972151,298.7404864,402.4413288,508.4250537,452.9412384,449.7958333,487.1812141,536.7173797,490.7093024,455.2410747,399.9264587,432.688326
Metal,Steel cr coilsheet,Metric Ton,"Steel cr coilsheet, $/mt, real 2010$",KSTL_JP_CROLL,,,,,,,,,,,,,,,,,,,,615.6690852,591.9312399,612.0578319,580.7320583,584.3910471,624.4826245,532.6342783,474.018112,512.3162628,625.6775361,691.1904957,618.405016,615.496975,562.2590869,544.4691736,611.0918344,602.8790732,536.6796753,521.5963128,451.295043,422.3983171,484.9612094,390.6477275,433.8281565,558.3957176,713.9966642,836.1427359,771.4663201,681.1295658,939.0142349,812.0632541,815.625,803.4585374,,,,,
Metal,Steel hr coilsheet,Metric Ton,"Steel hr coilsheet, $/mt, real 2010$",KSTL_JP_HROLL,,,,,,,,,,,,,,,,,,,,503.5248419,495.7248458,503.5821944,444.5921534,437.7865879,470.5725263,411.866611,392.6884999,429.7918053,494.0928174,554.9406811,497.4455997,498.5016822,442.417008,435.3822647,481.209938,479.5835033,405.4440736,392.5065597,339.7389649,301.93466,371.8385083,282.7496227,325.9216607,402.1809831,590.9951798,722.1232719,667.2141146,576.3404019,858.9903681,708.3956047,715.625,713.3510378,,,,,
Metal,Steel wire rod,Metric Ton,"Steel wire rod, $/mt, real 2010$",KSTL_JP_WIROD,,,,,,,,,,,,,,,,,,,,532.6148899,537.8870106,593.4255459,557.7132338,506.6974397,511.8823283,456.5436671,348.9890069,327.3285527,391.63357,440.5619965,438.9818818,467.9811711,446.411744,458.5511657,443.887554,457.8254616,486.3110817,445.3644977,404.1372464,359.8399372,366.6013462,394.7557995,396.391209,376.7993596,573.3535327,660.3627289,646.3636736,558.8755412,981.9232349,1004.971472,712.2083333,686.1933884,,,,,
Metal,Steel,Metric Ton,"Steel, rebar, $/mt, real 2010$",KSTL_JP_REBAR,,,,,,,,,,,,,,,,,,,,557.2079258,507.223618,479.8451726,382.7701675,360.768577,386.8476435,377.6607399,319.8560115,269.7275891,327.6615526,429.0508754,440.4938745,448.1428388,367.5157087,404.0077113,385.1670031,415.2159632,399.4368102,378.4434386,313.3711647,290.5604091,306.8976984,289.1973914,269.7662395,333.8860992,504.2570813,482.444857,493.460439,546.4754901,739.2179375,503.8679712,562.5,567.677247,,,,,
Agricultural,Sugar,Kilograms,"Sugar, EU, $/kg, real 2010$",KSUGAR_EU,0.639179191,0.637148376,0.635458065,0.649575029,0.639681332,0.62347129,0.632165619,0.619272787,0.541704209,0.514177336,0.483381688,0.466244181,0.563309878,0.476090457,0.623540237,0.814326643,0.697649182,0.675353941,0.660667786,0.717230636,0.746485461,0.639030415,0.63051918,0.62788569,0.601321615,0.587035751,0.597473381,0.628241015,0.655374591,0.629898519,0.705416554,0.747266718,0.752325039,0.717637401,0.742466626,0.748458504,0.757617583,0.730002069,0.727122517,0.734238916,0.697788742,0.690353021,0.725623346,0.750012799,0.787626044,0.758710649,0.71796819,0.713523025,0.677721004,0.543583272,0.441791456,0.409644201,0.381277538,0.395389072,0.401772984,0.371386214,0.385538204
Agricultural,Sugar,Kilograms,"Sugar, US, $/kg, real 2010$",KSUGAR_US,0.657414033,0.64392655,0.645993583,0.850096016,0.700957048,0.681404463,0.680234329,0.704198612,0.737881306,0.721430873,0.712251996,0.716372595,0.706379274,0.734478381,1.726828185,1.18521026,0.693437845,0.530362699,0.579518593,0.577285462,1.015087278,0.666124427,0.693330409,0.787821086,0.79461444,0.751770197,0.670505042,0.639776493,0.608739408,0.631349742,0.620073373,0.580073894,0.562765663,0.551970105,0.580049564,0.552862775,0.546660975,0.562883697,0.591957116,0.578204874,0.537448048,0.61423023,0.609616647,0.594980612,0.534752074,0.535053764,0.542273576,0.479667738,0.455669076,0.568877486,0.79248467,0.756143086,0.576850192,0.41058318,0.49295182,0.560101064,0.649828967
Agricultural,Sugar,Kilograms,"Sugar, world, $/kg, real 2010$",KSUGAR_WLD,0.345866546,0.304634855,0.31028899,0.938927839,0.638382929,0.2213198,0.192169597,0.201262198,0.202427761,0.323455723,0.354266896,0.405903852,0.601798748,0.67529285,1.739685738,1.079093235,0.602195873,0.391177009,0.324145423,0.359114536,0.968362712,0.572878984,0.293023059,0.302761854,0.190107985,0.149891523,0.194280663,0.198003312,0.280436681,0.354197195,0.334664465,0.241223947,0.239194803,0.255987395,0.318862544,0.318519599,0.29231344,0.291717625,0.239409485,0.17134792,0.226695798,0.248628139,0.200606984,0.196314936,0.185808973,0.24847884,0.362377764,0.232791442,0.274361113,0.414699935,0.469346896,0.51646416,0.431018388,0.355484103,0.347132641,0.303480605,0.424577656
Agricultural,Tea,Kilograms,"Tea, auctions (3) average, $/kg, real 2010$",KTEA_AVG,5.379062796,4.877232219,4.894534246,4.88286886,4.684591137,5.006849502,4.220691224,4.001197766,3.614252731,3.32749682,3.596873335,3.484349389,2.937152119,2.552104598,2.905889335,2.732230342,2.805363512,4.272723433,2.651511757,2.538661795,2.543975585,2.251494807,2.435996699,3.40029113,4.545266387,2.931052228,2.4174074,2.194895795,1.969734823,2.291560726,2.488750071,2.043663601,1.922546577,1.870705336,1.782148813,1.61948731,1.841605169,2.397645766,2.490002652,2.282005616,2.358283614,2.086976788,1.989883869,1.90489901,1.982453681,1.877992355,2.081793791,2.133613554,2.353769998,2.823920559,2.884935268,2.631633546,2.629774117,2.60840293,2.51839517,2.773223771,2.81670369
Agricultural,Tea,Kilograms,"Tea, Colombo auctions, $/kg, real 2010$",KTEA_COLOMBO,4.859810586,4.573370608,4.331139148,4.175218232,4.138817571,4.236030431,3.669771361,3.438823572,3.268329595,2.732749606,2.699340147,2.771831085,2.626968749,2.142008308,2.364208343,2.108496949,2.192003295,3.707365788,1.402725108,1.320152996,1.703910295,1.490490315,1.807259895,3.011249917,4.145368853,2.440516581,1.61473635,1.79310548,1.699876825,1.920424079,2.270749149,1.745553287,1.730886436,1.670870379,1.589576658,1.547159681,2.095096068,2.351104497,2.524788575,2.046527602,2.254085037,2.111091987,2.063898917,1.935603447,2.094576918,2.101286718,2.123652237,2.642910683,2.71238904,3.252271294,3.28964547,2.941231671,2.779353362,3.14709055,3.272789391,3.029125778,3.453979194
Agricultural,Tea,Kilograms,"Tea, Kokata auctions, $/kg, real 2010$",KTEA_KOLKATA,5.858100804,5.014566428,5.556533837,5.552609487,5.253114532,5.718114444,4.579702047,3.821868403,3.540072451,3.952796339,4.267428308,3.988627412,3.140832412,2.803560922,3.333237121,3.465274159,3.35149406,4.519628051,3.527148519,3.545618728,3.142006157,2.77660163,2.914418369,4.08607801,4.832163376,3.691303262,3.150686471,3.050016106,2.512308964,3.048333322,3.397618361,2.64081256,2.025746586,2.136972386,1.880824618,1.895552437,1.851614749,2.496415527,2.634315753,2.565906918,2.270016484,2.169257934,1.934245959,1.840303458,2.024815453,1.848052768,1.950719431,2.013248616,2.192436439,2.60752636,2.805118667,2.503683601,2.495869735,2.491837792,2.389251537,2.482182554,2.544572084
Agricultural,Tea,Kilograms,"Tea, Mombasa auctions, $/kg, real 2010$",KTEA_MOMBASA,5.419286923,5.043254884,4.7959373,4.921298458,4.662353731,5.066413142,4.413180715,4.743198172,4.034715304,3.297253806,3.823453094,3.692863276,3.043630541,2.710702584,3.020196106,2.622962937,2.87250976,4.591221168,3.024580612,2.750204343,2.785963924,2.487348153,2.58632817,3.103582216,4.658217057,2.661363507,2.486859854,1.741554057,1.696963238,1.905952717,1.797881595,1.744636553,2.011003814,1.804278166,1.876071837,1.415813908,1.578098868,2.345453838,2.310948352,2.233737431,2.549743786,1.980580442,1.971495721,1.938789705,1.827968673,1.68463758,2.171009705,1.744681364,2.156484514,2.611964021,2.560041667,2.449985367,2.614099253,2.186280449,1.893144582,2.80836298,2.451559791
Metal,Tin,Metric Ton,"Tin, $/mt, real 2010$",KTIN,11475.54292,12553.7829,12431.93254,12850.17631,17246.27763,19474.72418,17250.6508,15829.92783,15094.62619,15704.80443,15823.87347,14384.67001,14042.75304,15547.84286,21743.56995,16450.01695,17925.95657,23620.26326,24220.7662,26050.19427,25718.74161,21683.57802,20244.6747,21059.10226,20282.13181,19332.39045,8974.953325,8859.249743,8802.09191,10717.18857,7360.844162,6830.541264,7311.595196,5978.899017,6525.565054,6760.015054,6837.273186,6571.958362,6742.449357,6704.955455,6832.244546,5856.130191,5365.155014,6147.980078,10011.90929,8414.440234,9764.484334,15233.02734,17999.98863,14071.71914,20405.62325,23476.31507,19172.08121,20308.38989,20272.17801,16457.98362,19128.33849
Agricultural,Tobacco,Metric Ton,"Tobacco, $/mt, real 2010$",KTOBAC_US,9073.257064,8010.128842,7067.144052,6884.952701,7521.11865,6333.817283,7633.135707,6218.176441,5814.419628,5097.010784,4634.915902,4270.578187,4031.300656,3652.136659,3937.499642,4406.372797,5167.588531,4927.443929,4266.581182,3953.604544,3489.279426,3555.479168,4047.035558,4307.406559,4619.495542,4375.810491,3873.491502,3649.525052,3080.512687,3977.706598,4103.168185,4272.954985,4122.015243,3122.39942,3154.978562,2875.803893,3388.510629,4110.170216,4059.977989,3773.582482,3740.858793,3923.658266,3626.283675,3323.498777,3222.793745,3180.74574,3301.815262,3473.820166,3489.842048,4390.53085,4333.225,4041.367033,3904.434914,4182.218954,4620.047298,5027.851679,5126.321903
Agricultural,TSP,Metric Ton,"TSP, $/mt, real 2010$",KTSP,276.8673674,266.4594194,256.5480437,266.4594194,267.8353077,270.2887865,241.3685542,215.338987,181.0264157,179.846117,183.0743913,177.1477457,253.4482328,322.1461757,806.5457434,484.4167966,214.8519235,214.0615621,184.4354067,246.5908568,276.3538251,247.0692165,218.4815286,218.3528167,217.6017995,203.3504132,176.4973969,183.4369148,197.6891367,180.829247,159.4497106,162.5166352,144.6923327,129.6811658,157.7751533,162.7846024,195.001317,200.0755392,210.5965783,191.6964544,173.088207,165.6842598,175.8171186,187.5623479,219.1239591,229.7254659,224.22101,355.2920267,855.1471965,266.8578077,381.8895833,485.0130023,419.2702766,348.2091741,359.4967699,394.3778525,309.8503502
Agricultural,Urea,Metric Ton,"Urea, E. Europe, bulk, $/mt, real 2010$",KUREA_EE_BULK,220.710307,216.4982782,212.532448,216.4982782,305.7365305,329.1016243,286.0217368,235.676558,171.3716735,121.8829736,78.61429744,65.53442617,109.8275676,209.6378379,759.1669926,401.8865275,193.7802867,212.9320458,216.1021744,237.1929566,294.5218852,284.844262,203.3496111,185.0465523,249.58581,183.943817,103.9076834,112.321879,148.2278452,118.8784865,144.244104,167.7610763,136.869641,97.64726402,151.6284055,203.6643365,198.5169524,132.6782737,101.1103726,82.39300539,127.0944021,124.4751278,124.6804504,174.4502535,206.1516312,249.7240048,247.9017054,324.2133071,479.146448,258.7275763,288.5916667,379.3169054,367.9070208,309.985722,292.7216503,279.5672322,212.5221421
Agricultural,Wheat,Metric Ton,"Wheat, Canada, $/mtv, real 2010$",KWHEAT_CANADI,328.4404444,326.4640309,336.8157225,343.2629309,353.4162688,330.6199131,339.6498067,332.878184,322.2833392,293.9624876,270.0849829,262.7759827,267.7633645,476.4417828,554.6479805,433.3975411,352.3256456,253.0663114,253.553614,290.4339158,292.5670939,300.7250954,262.8013157,274.77459,274.1616881,290.3003413,234.0022881,177.4818614,224.0736932,252.6837575,188.9164324,174.511196,212.119481,223.1840926,237.1414518,225.3471317,255.9815104,211.0932672,198.2635468,187.691684,184.9336202,197.7729276,232.2467104,222.8599699,219.356838,225.2643392,241.1021223,314.7522631,442.0578154,311.5453828,312.3912317,396.1478622,,,,,
Agricultural,Wheat,Metric Ton,"Wheat, US, HRW, $/mt, real 2010$",KWHEAT_US_HRW,302.9521042,300.30916,323.6152358,330.4438415,341.245765,297.6263282,303.9031238,314.4427741,303.0221286,267.5659652,236.4998063,252.8331815,262.1311815,452.6558474,477.4339004,356.566645,314.1131183,225.6518571,240.3131427,270.3154071,264.819279,267.9373768,253.1097329,255.2376879,252.5562473,227.5653776,167.3933358,150.0671258,181.2426072,212.5183168,163.927225,157.0768627,181.2012233,162.4584031,178.8239826,192.5396311,230.2353034,185.6147712,153.4930502,139.0254006,143.3987351,165.5961131,195.6553975,183.5554216,184.510083,173.7093304,213.5567303,267.4283496,317.0452861,232.2879795,223.5821054,284.9777017,284.2709373,284.5805905,263.7240036,209.4291124,177.7320204
Agricultural,Wheat,Metric Ton,"Wheat, US, SRW, $/mt, real 2010$",KWHEAT_US_SRW,,,,,,,,,,,,,,,,,,,,263.5979951,258.0350034,236.7372311,209.2240151,222.6293431,232.4857626,215.5556265,172.4515522,149.0114774,175.6546775,202.5057344,156.1455026,153.9617359,173.9407907,156.1284663,165.4784934,182.0694801,207.8540882,167.1843236,135.7110114,119.4647911,124.3270857,140.6745347,171.7133685,174.0522173,169.8819581,154.7472363,176.7759912,250.0140273,264.0377507,192.7737158,229.6770991,257.6293671,268.048189,252.2130022,226.9968079,211.4035746,188.0471401
Agricultural,Woodpulp,Metric Ton,"Woodpulp, $/mt, real 2010$",KWOODPULP,,,,,,,,,,,,,,,,,,,,740.8785544,822.6093866,831.4338563,770.1506768,692.6175666,844.3488643,697.5065769,714.1613927,814.6537513,923.2670396,1041.914471,985.233598,728.5825903,674.651982,491.0774066,659.8149626,928.4736625,636.7163232,647.6814074,618.7518717,630.0600836,834.94923,675.5270182,597.6423291,660.2369438,753.643748,724.5675738,776.8621803,803.694465,797.562223,637.141016,866.7947205,810.6505499,692.2896939,750.145084,811.7751615,896.3133012,933.2841872
Metal,Zinc,Kilograms,"Zinc, $/kg, real 2010$",KZINC,1286.083748,1098.162963,935.2685301,1083.815148,1649.924453,1557.914533,1357.01424,1307.984958,1269.07563,1312.34208,1274.269557,1266.794111,1418.152377,2736.893472,3293.265971,1782.574072,1681.201532,1289.106054,1117.27254,1250.731536,1167.074272,1295.045969,1175.591098,1239.314378,1528.490303,1312.570024,1098.36248,1061.796224,1549.693516,2083.010606,1830.670367,1363.646265,1485.772134,1114.404831,1191.599219,1121.753974,1136.916198,1531.764851,1246.750728,1335.554199,1417.97211,1156.702507,1028.965513,1039.583676,1232.272876,1574.957602,3642.201475,3397.639405,1823.045307,1715.818212,2160.74325,1976.868807,1770.022535,1740.994806,2000.449433,1978.730267,2229.189279
